timestamp, name, pstate, temperature.gpu, power.draw [W], utilization.gpu [%], utilization.memory [%], clocks.current.sm [MHz], clocks.current.memory [MHz], memory.used [MiB], memory.free [MiB]
2026/05/11 22:47:50.407, NVIDIA GeForce RTX 3070 Laptop GPU, P5, 44, 18.44 W, 40 %, 12 %, 480 MHz, 810 MHz, 7437 MiB, 404 MiB
2026/05/11 22:47:51.416, NVIDIA GeForce RTX 3070 Laptop GPU, P5, 44, 18.57 W, 40 %, 12 %, 765 MHz, 810 MHz, 7437 MiB, 404 MiB
2026/05/11 22:47:52.416, NVIDIA GeForce RTX 3070 Laptop GPU, P5, 44, 19.85 W, 40 %, 12 %, 840 MHz, 810 MHz, 7437 MiB, 404 MiB
2026/05/11 22:47:53.416, NVIDIA GeForce RTX 3070 Laptop GPU, P5, 44, 19.76 W, 40 %, 12 %, 885 MHz, 810 MHz, 7437 MiB, 404 MiB
2026/05/11 22:47:54.417, NVIDIA GeForce RTX 3070 Laptop GPU, P3, 44, 21.26 W, 20 %, 2 %, 900 MHz, 6001 MHz, 7437 MiB, 404 MiB
2026/05/11 22:47:55.417, NVIDIA GeForce RTX 3070 Laptop GPU, P5, 44, 22.01 W, 19 %, 2 %, 555 MHz, 810 MHz, 7437 MiB, 404 MiB
2026/05/11 22:47:56.417, NVIDIA GeForce RTX 3070 Laptop GPU, P0, 50, 51.89 W, 95 %, 86 %, 1785 MHz, 7001 MHz, 7437 MiB, 404 MiB
2026/05/11 22:47:57.417, NVIDIA GeForce RTX 3070 Laptop GPU, P0, 51, 114.25 W, 90 %, 75 %, 1845 MHz, 7001 MHz, 7437 MiB, 404 MiB
2026/05/11 22:47:58.418, NVIDIA GeForce RTX 3070 Laptop GPU, P0, 52, 114.50 W, 95 %, 85 %, 1815 MHz, 7001 MHz, 7437 MiB, 404 MiB
2026/05/11 22:47:59.418, NVIDIA GeForce RTX 3070 Laptop GPU, P0, 53, 114.72 W, 95 %, 85 %, 1815 MHz, 7001 MHz, 7437 MiB, 404 MiB
2026/05/11 22:48:00.418, NVIDIA GeForce RTX 3070 Laptop GPU, P0, 54, 114.56 W, 98 %, 83 %, 1830 MHz, 7001 MHz, 7437 MiB, 404 MiB
2026/05/11 22:48:01.418, NVIDIA GeForce RTX 3070 Laptop GPU, P0, 54, 114.53 W, 96 %, 84 %, 1815 MHz, 7001 MHz, 7437 MiB, 404 MiB
2026/05/11 22:48:02.419, NVIDIA GeForce RTX 3070 Laptop GPU, P0, 55, 114.61 W, 98 %, 85 %, 1785 MHz, 7001 MHz, 7437 MiB, 404 MiB
2026/05/11 22:48:03.419, NVIDIA GeForce RTX 3070 Laptop GPU, P0, 55, 114.61 W, 97 %, 85 %, 1785 MHz, 7001 MHz, 7437 MiB, 404 MiB
2026/05/11 22:48:04.419, NVIDIA GeForce RTX 3070 Laptop GPU, P0, 56, 114.70 W, 97 %, 86 %, 1815 MHz, 7001 MHz, 7437 MiB, 404 MiB
2026/05/11 22:48:05.420, NVIDIA GeForce RTX 3070 Laptop GPU, P0, 56, 114.72 W, 96 %, 84 %, 1785 MHz, 7001 MHz, 7437 MiB, 404 MiB
2026/05/11 22:48:06.420, NVIDIA GeForce RTX 3070 Laptop GPU, P0, 57, 114.81 W, 97 %, 86 %, 1755 MHz, 7001 MHz, 7437 MiB, 404 MiB
2026/05/11 22:48:07.421, NVIDIA GeForce RTX 3070 Laptop GPU, P0, 57, 114.65 W, 98 %, 82 %, 1800 MHz, 7001 MHz, 7437 MiB, 404 MiB
2026/05/11 22:48:08.421, NVIDIA GeForce RTX 3070 Laptop GPU, P0, 58, 114.53 W, 97 %, 85 %, 1770 MHz, 7001 MHz, 7437 MiB, 404 MiB
2026/05/11 22:48:09.421, NVIDIA GeForce RTX 3070 Laptop GPU, P0, 58, 115.00 W, 97 %, 87 %, 1785 MHz, 7001 MHz, 7437 MiB, 404 MiB
2026/05/11 22:48:10.422, NVIDIA GeForce RTX 3070 Laptop GPU, P0, 58, 114.55 W, 94 %, 85 %, 1800 MHz, 7001 MHz, 7437 MiB, 404 MiB
2026/05/11 22:48:11.422, NVIDIA GeForce RTX 3070 Laptop GPU, P0, 59, 114.83 W, 97 %, 87 %, 1755 MHz, 7001 MHz, 7437 MiB, 404 MiB
2026/05/11 22:48:12.422, NVIDIA GeForce RTX 3070 Laptop GPU, P0, 59, 114.46 W, 91 %, 78 %, 1770 MHz, 7001 MHz, 7437 MiB, 404 MiB
2026/05/11 22:48:13.423, NVIDIA GeForce RTX 3070 Laptop GPU, P0, 59, 114.82 W, 99 %, 88 %, 1755 MHz, 7001 MHz, 7437 MiB, 404 MiB
2026/05/11 22:48:14.423, NVIDIA GeForce RTX 3070 Laptop GPU, P0, 59, 114.88 W, 99 %, 87 %, 1770 MHz, 7001 MHz, 7437 MiB, 404 MiB
2026/05/11 22:48:15.423, NVIDIA GeForce RTX 3070 Laptop GPU, P0, 60, 114.84 W, 99 %, 88 %, 1740 MHz, 7001 MHz, 7437 MiB, 404 MiB
2026/05/11 22:48:16.423, NVIDIA GeForce RTX 3070 Laptop GPU, P0, 60, 114.61 W, 95 %, 83 %, 1755 MHz, 7001 MHz, 7437 MiB, 404 MiB
2026/05/11 22:48:17.424, NVIDIA GeForce RTX 3070 Laptop GPU, P0, 60, 114.64 W, 96 %, 84 %, 1770 MHz, 7001 MHz, 7437 MiB, 404 MiB
2026/05/11 22:48:18.424, NVIDIA GeForce RTX 3070 Laptop GPU, P0, 61, 114.67 W, 97 %, 85 %, 1755 MHz, 7001 MHz, 7437 MiB, 404 MiB
2026/05/11 22:48:19.424, NVIDIA GeForce RTX 3070 Laptop GPU, P0, 61, 114.67 W, 95 %, 83 %, 1785 MHz, 7001 MHz, 7437 MiB, 404 MiB
2026/05/11 22:48:20.425, NVIDIA GeForce RTX 3070 Laptop GPU, P0, 61, 114.63 W, 93 %, 83 %, 1755 MHz, 7001 MHz, 7437 MiB, 404 MiB
2026/05/11 22:48:21.425, NVIDIA GeForce RTX 3070 Laptop GPU, P0, 61, 114.67 W, 99 %, 85 %, 1770 MHz, 7001 MHz, 7437 MiB, 404 MiB
2026/05/11 22:48:22.425, NVIDIA GeForce RTX 3070 Laptop GPU, P0, 62, 114.75 W, 98 %, 87 %, 1740 MHz, 7001 MHz, 7437 MiB, 404 MiB
2026/05/11 22:48:23.426, NVIDIA GeForce RTX 3070 Laptop GPU, P0, 62, 114.76 W, 97 %, 86 %, 1800 MHz, 7001 MHz, 7437 MiB, 404 MiB
2026/05/11 22:48:24.426, NVIDIA GeForce RTX 3070 Laptop GPU, P0, 62, 114.36 W, 95 %, 77 %, 1785 MHz, 7001 MHz, 7437 MiB, 404 MiB
2026/05/11 22:48:25.426, NVIDIA GeForce RTX 3070 Laptop GPU, P0, 62, 114.60 W, 99 %, 88 %, 1740 MHz, 7001 MHz, 7437 MiB, 404 MiB
2026/05/11 22:48:26.427, NVIDIA GeForce RTX 3070 Laptop GPU, P0, 63, 114.83 W, 99 %, 87 %, 1740 MHz, 7001 MHz, 7437 MiB, 404 MiB
2026/05/11 22:48:27.427, NVIDIA GeForce RTX 3070 Laptop GPU, P0, 63, 114.79 W, 98 %, 88 %, 1755 MHz, 7001 MHz, 7437 MiB, 404 MiB
2026/05/11 22:48:28.427, NVIDIA GeForce RTX 3070 Laptop GPU, P0, 63, 114.63 W, 94 %, 83 %, 1740 MHz, 7001 MHz, 7437 MiB, 404 MiB
2026/05/11 22:48:29.428, NVIDIA GeForce RTX 3070 Laptop GPU, P0, 63, 114.81 W, 99 %, 89 %, 1740 MHz, 7001 MHz, 7437 MiB, 404 MiB
2026/05/11 22:48:30.428, NVIDIA GeForce RTX 3070 Laptop GPU, P0, 63, 114.72 W, 98 %, 84 %, 1755 MHz, 7001 MHz, 7437 MiB, 404 MiB
2026/05/11 22:48:31.428, NVIDIA GeForce RTX 3070 Laptop GPU, P0, 63, 114.74 W, 99 %, 86 %, 1740 MHz, 7001 MHz, 7437 MiB, 404 MiB
2026/05/11 22:48:32.428, NVIDIA GeForce RTX 3070 Laptop GPU, P0, 64, 114.49 W, 94 %, 82 %, 1755 MHz, 7001 MHz, 7437 MiB, 404 MiB
2026/05/11 22:48:33.429, NVIDIA GeForce RTX 3070 Laptop GPU, P0, 64, 114.46 W, 97 %, 84 %, 1755 MHz, 7001 MHz, 7437 MiB, 404 MiB
2026/05/11 22:48:34.429, NVIDIA GeForce RTX 3070 Laptop GPU, P0, 64, 114.64 W, 98 %, 86 %, 1770 MHz, 7001 MHz, 7437 MiB, 404 MiB
2026/05/11 22:48:35.429, NVIDIA GeForce RTX 3070 Laptop GPU, P0, 64, 114.72 W, 98 %, 85 %, 1755 MHz, 7001 MHz, 7437 MiB, 404 MiB
2026/05/11 22:48:36.430, NVIDIA GeForce RTX 3070 Laptop GPU, P0, 65, 114.90 W, 98 %, 83 %, 1755 MHz, 7001 MHz, 7437 MiB, 404 MiB
2026/05/11 22:48:37.430, NVIDIA GeForce RTX 3070 Laptop GPU, P0, 65, 114.62 W, 98 %, 85 %, 1755 MHz, 7001 MHz, 7437 MiB, 404 MiB
2026/05/11 22:48:38.430, NVIDIA GeForce RTX 3070 Laptop GPU, P0, 65, 114.69 W, 98 %, 86 %, 1755 MHz, 7001 MHz, 7437 MiB, 404 MiB
2026/05/11 22:48:39.430, NVIDIA GeForce RTX 3070 Laptop GPU, P0, 65, 114.53 W, 98 %, 82 %, 1755 MHz, 7001 MHz, 7437 MiB, 404 MiB
2026/05/11 22:48:40.431, NVIDIA GeForce RTX 3070 Laptop GPU, P0, 65, 114.81 W, 98 %, 86 %, 1755 MHz, 7001 MHz, 7437 MiB, 404 MiB
2026/05/11 22:48:41.431, NVIDIA GeForce RTX 3070 Laptop GPU, P0, 65, 114.94 W, 98 %, 84 %, 1740 MHz, 7001 MHz, 7437 MiB, 404 MiB
2026/05/11 22:48:42.431, NVIDIA GeForce RTX 3070 Laptop GPU, P0, 66, 114.79 W, 98 %, 86 %, 1725 MHz, 7001 MHz, 7437 MiB, 404 MiB
2026/05/11 22:48:43.432, NVIDIA GeForce RTX 3070 Laptop GPU, P0, 66, 114.55 W, 88 %, 76 %, 1755 MHz, 7001 MHz, 7437 MiB, 404 MiB
2026/05/11 22:48:44.432, NVIDIA GeForce RTX 3070 Laptop GPU, P0, 66, 114.61 W, 98 %, 85 %, 1725 MHz, 7001 MHz, 7437 MiB, 404 MiB
2026/05/11 22:48:45.432, NVIDIA GeForce RTX 3070 Laptop GPU, P0, 66, 114.92 W, 97 %, 84 %, 1755 MHz, 7001 MHz, 7437 MiB, 404 MiB
2026/05/11 22:48:46.433, NVIDIA GeForce RTX 3070 Laptop GPU, P0, 67, 114.70 W, 97 %, 83 %, 1740 MHz, 7001 MHz, 7437 MiB, 404 MiB
2026/05/11 22:48:47.433, NVIDIA GeForce RTX 3070 Laptop GPU, P0, 67, 114.86 W, 95 %, 83 %, 1740 MHz, 7001 MHz, 7437 MiB, 404 MiB
2026/05/11 22:48:48.433, NVIDIA GeForce RTX 3070 Laptop GPU, P0, 67, 114.61 W, 98 %, 86 %, 1755 MHz, 7001 MHz, 7437 MiB, 404 MiB
2026/05/11 22:48:49.434, NVIDIA GeForce RTX 3070 Laptop GPU, P0, 67, 114.71 W, 98 %, 86 %, 1710 MHz, 7001 MHz, 7437 MiB, 404 MiB
2026/05/11 22:48:50.434, NVIDIA GeForce RTX 3070 Laptop GPU, P0, 67, 114.78 W, 97 %, 85 %, 1725 MHz, 7001 MHz, 7437 MiB, 404 MiB
2026/05/11 22:48:51.434, NVIDIA GeForce RTX 3070 Laptop GPU, P0, 67, 114.88 W, 97 %, 85 %, 1740 MHz, 7001 MHz, 7437 MiB, 404 MiB
2026/05/11 22:48:52.435, NVIDIA GeForce RTX 3070 Laptop GPU, P0, 67, 114.87 W, 96 %, 84 %, 1725 MHz, 7001 MHz, 7437 MiB, 404 MiB
2026/05/11 22:48:53.435, NVIDIA GeForce RTX 3070 Laptop GPU, P0, 67, 114.84 W, 98 %, 85 %, 1710 MHz, 7001 MHz, 7437 MiB, 404 MiB
2026/05/11 22:48:54.435, NVIDIA GeForce RTX 3070 Laptop GPU, P0, 68, 114.88 W, 98 %, 85 %, 1725 MHz, 7001 MHz, 7437 MiB, 404 MiB
2026/05/11 22:48:55.435, NVIDIA GeForce RTX 3070 Laptop GPU, P0, 68, 114.67 W, 99 %, 84 %, 1740 MHz, 7001 MHz, 7437 MiB, 404 MiB
2026/05/11 22:48:56.436, NVIDIA GeForce RTX 3070 Laptop GPU, P0, 68, 114.85 W, 98 %, 85 %, 1740 MHz, 7001 MHz, 7437 MiB, 404 MiB
2026/05/11 22:48:57.436, NVIDIA GeForce RTX 3070 Laptop GPU, P0, 68, 114.92 W, 99 %, 87 %, 1710 MHz, 7001 MHz, 7437 MiB, 404 MiB
2026/05/11 22:48:58.436, NVIDIA GeForce RTX 3070 Laptop GPU, P0, 68, 114.95 W, 99 %, 88 %, 1710 MHz, 7001 MHz, 7437 MiB, 404 MiB
2026/05/11 22:48:59.436, NVIDIA GeForce RTX 3070 Laptop GPU, P0, 68, 114.79 W, 96 %, 84 %, 1710 MHz, 7001 MHz, 7437 MiB, 404 MiB
2026/05/11 22:49:00.436, NVIDIA GeForce RTX 3070 Laptop GPU, P0, 68, 114.75 W, 98 %, 85 %, 1710 MHz, 7001 MHz, 7437 MiB, 404 MiB
2026/05/11 22:49:01.437, NVIDIA GeForce RTX 3070 Laptop GPU, P0, 69, 114.80 W, 98 %, 85 %, 1725 MHz, 7001 MHz, 7437 MiB, 404 MiB
2026/05/11 22:49:02.437, NVIDIA GeForce RTX 3070 Laptop GPU, P0, 69, 114.87 W, 98 %, 85 %, 1725 MHz, 7001 MHz, 7437 MiB, 404 MiB
2026/05/11 22:49:03.437, NVIDIA GeForce RTX 3070 Laptop GPU, P0, 69, 114.82 W, 98 %, 84 %, 1695 MHz, 7001 MHz, 7437 MiB, 404 MiB
2026/05/11 22:49:04.437, NVIDIA GeForce RTX 3070 Laptop GPU, P0, 69, 114.65 W, 98 %, 87 %, 1710 MHz, 7001 MHz, 7437 MiB, 404 MiB
2026/05/11 22:49:05.437, NVIDIA GeForce RTX 3070 Laptop GPU, P0, 69, 114.82 W, 99 %, 88 %, 1710 MHz, 7001 MHz, 7437 MiB, 404 MiB
2026/05/11 22:49:06.438, NVIDIA GeForce RTX 3070 Laptop GPU, P0, 69, 114.81 W, 99 %, 86 %, 1680 MHz, 7001 MHz, 7437 MiB, 404 MiB
2026/05/11 22:49:07.438, NVIDIA GeForce RTX 3070 Laptop GPU, P0, 69, 114.77 W, 99 %, 87 %, 1785 MHz, 7001 MHz, 7437 MiB, 404 MiB
2026/05/11 22:49:08.438, NVIDIA GeForce RTX 3070 Laptop GPU, P0, 69, 114.52 W, 99 %, 86 %, 1710 MHz, 7001 MHz, 7437 MiB, 404 MiB
2026/05/11 22:49:09.438, NVIDIA GeForce RTX 3070 Laptop GPU, P0, 69, 114.47 W, 99 %, 85 %, 1725 MHz, 7001 MHz, 7437 MiB, 404 MiB
2026/05/11 22:49:10.438, NVIDIA GeForce RTX 3070 Laptop GPU, P0, 67, 99.64 W, 99 %, 87 %, 1935 MHz, 7001 MHz, 7437 MiB, 404 MiB
2026/05/11 22:49:11.439, NVIDIA GeForce RTX 3070 Laptop GPU, P0, 66, 51.25 W, 18 %, 2 %, 1935 MHz, 7001 MHz, 7437 MiB, 404 MiB
2026/05/11 22:49:12.439, NVIDIA GeForce RTX 3070 Laptop GPU, P0, 65, 44.00 W, 20 %, 2 %, 1560 MHz, 7001 MHz, 7437 MiB, 404 MiB
2026/05/11 22:49:13.439, NVIDIA GeForce RTX 3070 Laptop GPU, P0, 64, 35.22 W, 22 %, 2 %, 1560 MHz, 7001 MHz, 7437 MiB, 404 MiB
2026/05/11 22:49:14.439, NVIDIA GeForce RTX 3070 Laptop GPU, P0, 64, 35.16 W, 13 %, 2 %, 1560 MHz, 7001 MHz, 7437 MiB, 404 MiB
